{
    "addontype": "elementor",
    "cattitle": "",
    "name": "offer_form_by_arif_elementor",
    "alias": "offer_form_by_arif",
    "title": "Offer form by Arif",
    "description": "",
    "config": {
        "options": {
            "enable_items": "false",
            "items_section_title": "Items",
            "items_section_heading": "",
            "items_title_field": "",
            "path_assets": "",
            "js_as_module": true,
            "addon_icon": "eicon-nerd-wink",
            "dynamic_addon": "false",
            "dynamic_post_enable_customfields": "false",
            "dynamic_post_enable_category": "false",
            "description": "",
            "link_resource": "",
            "link_preview": "",
            "show_small_icon": "true",
            "preview_size_unite_selected_text": "Full Size",
            "preview_size": "full",
            "preview_custom_width": "",
            "preview_bgcol": "#ffffff",
            "special": "",
            "special_data": ""
        },
        "params": [
            {
                "type": "uc_link",
                "title": "Calback page",
                "name": "calback_page",
                "description": "",
                "enable_condition": false,
                "condition_attribute": null,
                "condition_operator": "equal",
                "condition_value": [],
                "condition_attribute2": null,
                "condition_operator2": "equal",
                "condition_value2": null,
                "label_block": false,
                "tabname": "",
                "default_value": "",
                "__attr_catid__": "cat_general_general"
            },
            {
                "type": "uc_textarea",
                "title": "Disclaimer",
                "name": "disclaimer",
                "description": "",
                "enable_condition": false,
                "condition_attribute": null,
                "condition_operator": "equal",
                "condition_value": [],
                "condition_attribute2": null,
                "condition_operator2": "equal",
                "condition_value2": null,
                "label_block": false,
                "tabname": "",
                "default_value": "",
                "font_editable": false,
                "__attr_catid__": "cat_general_general"
            },
            {
                "type": "uc_colorpicker",
                "title": "Highlighted background",
                "name": "hi_bg",
                "description": "",
                "enable_condition": false,
                "condition_attribute": null,
                "condition_operator": "equal",
                "condition_value": [],
                "condition_attribute2": null,
                "condition_operator2": "equal",
                "condition_value2": null,
                "label_block": false,
                "tabname": "",
                "default_value": "#1C3EC1",
                "selector": "",
                "selector_value": "",
                "show_more_selectors": false,
                "selector2": "",
                "selector2_value": "",
                "selector3": "",
                "selector3_value": "",
                "__attr_catid__": "cat_style_tss7dbz5"
            },
            {
                "type": "uc_colorpicker",
                "title": "Highlighted text color",
                "name": "highlighted_text_color",
                "description": "",
                "enable_condition": false,
                "condition_attribute": null,
                "condition_operator": "equal",
                "condition_value": [],
                "condition_attribute2": null,
                "condition_operator2": "equal",
                "condition_value2": null,
                "label_block": false,
                "tabname": "",
                "default_value": "#ffffff",
                "selector": "",
                "selector_value": "",
                "show_more_selectors": false,
                "selector2": "",
                "selector2_value": "",
                "selector3": "",
                "selector3_value": "",
                "__attr_catid__": "cat_style_tss7dbz5"
            },
            {
                "type": "uc_link",
                "title": "Complete page",
                "name": "complete_page",
                "description": "",
                "enable_condition": false,
                "condition_attribute": null,
                "condition_operator": "equal",
                "condition_value": [],
                "condition_attribute2": null,
                "condition_operator2": "equal",
                "condition_value2": null,
                "label_block": false,
                "tabname": "",
                "default_value": "",
                "__attr_catid__": "cat_general_general"
            }
        ],
        "params_items": [
            {
                "type": "uc_textfield",
                "title": "Title",
                "name": "title",
                "description": "",
                "default_value": "",
                "limited_edit": true
            }
        ],
        "includes": {
            "js": [
                {
                    "url": "https:\/\/cdnjs.cloudflare.com\/ajax\/libs\/gsap\/3.11.5\/gsap.min.js",
                    "condition": null,
                    "params": null
                },
                {
                    "url": "https:\/\/cdn.jsdelivr.net\/jquery.validation\/1.16.0\/jquery.validate.min.js",
                    "condition": null,
                    "params": null
                },
                {
                    "url": "https:\/\/cdn.jsdelivr.net\/jquery.validation\/1.16.0\/additional-methods.min.js",
                    "condition": null,
                    "params": null
                },
                {
                    "url": "Winwheel.min.js",
                    "condition": null,
                    "params": null
                }
            ],
            "jslib": [
                "jquery"
            ],
            "css": []
        },
        "variables_item": [],
        "variables_main": [],
        "params_cats": [
            {
                "id": "cat_general_general",
                "title": "General",
                "tab": "content"
            },
            {
                "enable_condition": false,
                "condition_attribute": null,
                "condition_operator": "equal",
                "condition_value": [],
                "condition_attribute2": null,
                "condition_operator2": "equal",
                "condition_value2": null,
                "id": "cat_style_tss7dbz5",
                "title": "Colors",
                "tab": "style"
            }
        ]
    },
    "templates": [
        "html",
        "css",
        "js"
    ]
}