{
    "addontype": "elementor",
    "cattitle": "",
    "name": "coupon_code_by_arif_elementor",
    "alias": "coupon_code_by_arif",
    "title": "Coupon code by arif",
    "description": "",
    "config": {
        "options": {
            "enable_items": "false",
            "items_section_title": "",
            "items_section_heading": "",
            "items_title_field": "",
            "path_assets": "",
            "js_as_module": false,
            "addon_icon": "eicon-code",
            "dynamic_addon": "false",
            "dynamic_post_enable_customfields": "false",
            "dynamic_post_enable_category": "false",
            "description": "",
            "link_resource": "",
            "link_preview": "",
            "show_small_icon": "true",
            "preview_size_unite_selected_text": "Full Size",
            "preview_size": "full",
            "preview_custom_width": "",
            "preview_bgcol": "#ffffff",
            "special": "",
            "special_data": ""
        },
        "params": [
            {
                "type": "uc_typography",
                "title": "Title",
                "name": "title",
                "description": "",
                "enable_condition": false,
                "condition_attribute": null,
                "condition_operator": "equal",
                "condition_value": [],
                "condition_attribute2": null,
                "condition_operator2": "equal",
                "condition_value2": null,
                "label_block": false,
                "tabname": "",
                "selector1": ".voucherCode",
                "selector2": "",
                "selector3": "",
                "__attr_catid__": "cat_style_964z711t"
            }
        ],
        "params_items": [
            {
                "type": "uc_textfield",
                "title": "Title",
                "name": "title",
                "description": "",
                "default_value": "",
                "limited_edit": true
            }
        ],
        "includes": {
            "js": [
                {
                    "url": "voucher_codes.js",
                    "condition": null,
                    "params": null
                }
            ],
            "jslib": [
                "jquery"
            ],
            "css": []
        },
        "variables_item": [],
        "variables_main": [],
        "params_cats": [
            {
                "id": "cat_general_general",
                "title": "General",
                "tab": "content"
            },
            {
                "enable_condition": false,
                "condition_attribute": null,
                "condition_operator": "equal",
                "condition_value": [],
                "condition_attribute2": null,
                "condition_operator2": "equal",
                "condition_value2": null,
                "id": "cat_style_964z711t",
                "title": "Text",
                "tab": "style"
            }
        ]
    },
    "templates": [
        "html",
        "css",
        "js"
    ]
}